{"loss": [0.49797362089157104, 0.43143942952156067, 0.39778679609298706, 0.3720541298389435], "accuracy": [0.7660331726074219, 0.8076705932617188, 0.8250083923339844, 0.8376541137695312], "val_loss": [0.6594172120094299, 0.7249355912208557, 0.8641211986541748, 1.1844216585159302], "val_accuracy": [0.64117431640625, 0.593292236328125, 0.578338623046875, 0.5712890625], "lr": [9.999999747378752e-05, 9.999999747378752e-05, 9.999999747378752e-05, 4.999999873689376e-05]}