{"loss": [0.5016614198684692, 0.45913365483283997, 0.4501988887786865, 0.4393708109855652, 0.4403657913208008, 0.4028891623020172, 0.3990917205810547, 0.3970645070075989, 0.3736107349395752], "accuracy": [0.78082275390625, 0.81219482421875, 0.8183212280273438, 0.8257369995117188, 0.8266029357910156, 0.8451576232910156, 0.8460769653320312, 0.8477592468261719, 0.8584518432617188], "val_loss": [1.7618626356124878, 2.5295042991638184, 0.6449944376945496, 1.2232322692871094, 0.8219151496887207, 0.6174171566963196, 0.8060135841369629, 0.654170572757721, 0.6650171279907227], "val_accuracy": [0.523193359375, 0.5087890625, 0.67669677734375, 0.503692626953125, 0.64453125, 0.702911376953125, 0.682373046875, 0.71392822265625, 0.6859130859375], "lr": [0.0010000000474974513, 0.0010000000474974513, 0.0010000000474974513, 0.0010000000474974513, 0.0010000000474974513, 0.0005000000237487257, 0.0005000000237487257, 0.0005000000237487257, 0.0002500000118743628]}