{"loss": [0.586287796497345, 0.5574026703834534, 0.5464774966239929, 0.5393627285957336], "accuracy": [0.7236289978027344, 0.7498970031738281, 0.7577743530273438, 0.7631683349609375], "val_loss": [0.5771869421005249, 0.5955324172973633, 0.6011465787887573, 0.6045663356781006], "val_accuracy": [0.72210693359375, 0.712371826171875, 0.70941162109375, 0.70916748046875], "lr": [2.9999999242136255e-05, 2.9999999242136255e-05, 2.9999999242136255e-05, 1.4999999621068127e-05]}