{"loss": [0.3632911145687103, 0.2695983946323395], "accuracy": [0.8456344604492188, 0.8919410705566406], "val_loss": [1.073975682258606, 1.9225132465362549], "val_accuracy": [0.569915771484375, 0.51708984375], "lr": [0.0010000000474974513, 0.0010000000474974513]}