{"loss": [0.48229601979255676, 0.381070613861084, 0.34494447708129883, 0.322823703289032, 0.30539312958717346, 0.29215434193611145, 0.28499796986579895, 0.2786898910999298, 0.27378538250923157, 0.2725674510002136], "accuracy": [0.7741584777832031, 0.8375053405761719, 0.8562202453613281, 0.8668899536132812, 0.8757591247558594, 0.8813133239746094, 0.8851890563964844, 0.88824462890625, 0.8905067443847656, 0.8906059265136719], "val_loss": [0.4837346076965332, 0.4759974777698517, 0.46941062808036804, 0.46587035059928894, 0.4676942229270935, 0.46648693084716797, 0.46215927600860596, 0.46613672375679016, 0.4658927321434021, 0.4680579900741577], "val_accuracy": [0.771026611328125, 0.7762451171875, 0.781219482421875, 0.784088134765625, 0.785186767578125, 0.78564453125, 0.789794921875, 0.786895751953125, 0.788421630859375, 0.7874755859375], "lr": [9.999999747378752e-05, 9.999999747378752e-05, 9.999999747378752e-05, 9.999999747378752e-05, 9.999999747378752e-05, 9.999999747378752e-05, 4.999999873689376e-05, 4.999999873689376e-05, 4.999999873689376e-05, 2.499999936844688e-05]}