{"loss": [0.4785999655723572, 0.3836088478565216, 0.34635302424430847, 0.32440295815467834, 0.3094818890094757, 0.29524755477905273, 0.2856828272342682, 0.27639782428741455, 0.26883649826049805], "accuracy": [0.7810935974121094, 0.8379554748535156, 0.8567085266113281, 0.86737060546875, 0.8745384216308594, 0.8817825317382812, 0.88519287109375, 0.88916015625, 0.8922195434570312], "val_loss": [0.4971892833709717, 0.49010181427001953, 0.4817887842655182, 0.47773706912994385, 0.4773577153682709, 0.47490236163139343, 0.47487008571624756, 0.47213080525398254, 0.4713754653930664], "val_accuracy": [0.765777587890625, 0.77459716796875, 0.78173828125, 0.7852783203125, 0.787109375, 0.786834716796875, 0.786468505859375, 0.788299560546875, 0.78814697265625], "lr": [9.999999747378752e-05, 9.999999747378752e-05, 9.999999747378752e-05, 9.999999747378752e-05, 9.999999747378752e-05, 9.999999747378752e-05, 9.999999747378752e-05, 9.999999747378752e-05, 9.999999747378752e-05]}