{"loss": [0.46352946758270264, 0.38570505380630493, 0.36780866980552673], "accuracy": [0.8435592651367188, 0.8918380737304688, 0.9018745422363281], "val_loss": [0.5115633010864258, 0.49944475293159485, 0.5126122236251831], "val_accuracy": [0.793365478515625, 0.800262451171875, 0.795684814453125], "lr": [9.999999747378752e-05, 9.999999747378752e-05, 9.999999747378752e-05]}