{"loss": [0.4381972849369049, 0.37554678320884705, 0.35530009865760803, 0.34548214077949524], "accuracy": [0.8587532043457031, 0.896087646484375, 0.9071578979492188, 0.9132881164550781], "val_loss": [0.5176486968994141, 0.5058878064155579, 0.4996795654296875, 0.5046072602272034], "val_accuracy": [0.79022216796875, 0.797821044921875, 0.80084228515625, 0.801605224609375], "lr": [9.999999747378752e-05, 9.999999747378752e-05, 9.999999747378752e-05, 9.999999747378752e-05]}