{"loss": [0.46567028760910034, 0.37034013867378235, 0.3484618067741394, 0.3364511728286743, 0.3294038474559784, 0.3237311542034149, 0.31972378492355347, 0.31729400157928467, 0.31369268894195557, 0.3118206858634949, 0.3101612329483032, 0.3078438341617584, 0.3060097098350525, 0.30483192205429077, 0.30327263474464417, 0.2986131012439728, 0.29835519194602966], "accuracy": [0.8437118530273438, 0.9015846252441406, 0.9155616760253906, 0.9232635498046875, 0.9271011352539062, 0.9312553405761719, 0.9344978332519531, 0.9352302551269531, 0.9372215270996094, 0.9390068054199219, 0.9404563903808594, 0.9415130615234375, 0.942657470703125, 0.9437980651855469, 0.9445114135742188, 0.9472427368164062, 0.9481544494628906], "val_loss": [0.46904197335243225, 0.44712600111961365, 0.4250025451183319, 0.43256059288978577, 0.4114702343940735, 0.4196745753288269, 0.4016358256340027, 0.4069795310497284, 0.42481371760368347, 0.39326879382133484, 0.40423133969306946, 0.388421893119812, 0.40461239218711853, 0.42464035749435425, 0.4005061089992523, 0.39563706517219543, 0.3976450264453888], "val_accuracy": [0.8154296875, 0.835723876953125, 0.8507080078125, 0.8450927734375, 0.85992431640625, 0.8570556640625, 0.867584228515625, 0.86431884765625, 0.8541259765625, 0.876220703125, 0.86859130859375, 0.879364013671875, 0.868927001953125, 0.86334228515625, 0.873779296875, 0.8770751953125, 0.87451171875], "lr": [9.999999747378752e-05, 9.999999747378752e-05, 9.999999747378752e-05, 9.999999747378752e-05, 9.999999747378752e-05, 9.999999747378752e-05, 9.999999747378752e-05, 9.999999747378752e-05, 9.999999747378752e-05, 9.999999747378752e-05, 9.999999747378752e-05, 9.999999747378752e-05, 9.999999747378752e-05, 9.999999747378752e-05, 9.999999747378752e-05, 4.999999873689376e-05, 4.999999873689376e-05]}