{"loss": [0.35405415296554565], "accuracy": [0.8691787719726562], "val_loss": [0.346513569355011], "val_accuracy": [0.8690185546875], "lr": [9.999999747378752e-06]}