{"loss": [0.4471133053302765, 0.40548083186149597], "accuracy": [0.8578071594238281, 0.8794784545898438], "val_loss": [0.500466525554657, 0.5023110508918762], "val_accuracy": [0.801177978515625, 0.7967529296875], "lr": [0.0010000000474974513, 0.0010000000474974513]}