{"loss": [0.5133668184280396, 0.4183709919452667, 0.3931363523006439, 0.37914836406707764, 0.3694833815097809, 0.3639172911643982, 0.35918495059013367, 0.35415273904800415, 0.3519937992095947, 0.34942153096199036, 0.3479093015193939, 0.3476194739341736, 0.3481110632419586, 0.3484078049659729], "accuracy": [0.8098602294921875, 0.8757438659667969, 0.8936042785644531, 0.9034805297851562, 0.9096755981445312, 0.9125099182128906, 0.9152145385742188, 0.9188270568847656, 0.9198112487792969, 0.9216117858886719, 0.9224052429199219, 0.9223060607910156, 0.921905517578125, 0.9216270446777344], "val_loss": [0.47433358430862427, 0.45999887585639954, 0.4512961208820343, 0.4343740940093994, 0.43519327044487, 0.4230380058288574, 0.4374849200248718, 0.430315762758255, 0.4372290074825287, 0.4268518388271332, 0.42652371525764465, 0.4247295558452606, 0.42803117632865906, 0.43090489506721497], "val_accuracy": [0.810943603515625, 0.82269287109375, 0.83184814453125, 0.84613037109375, 0.845977783203125, 0.853118896484375, 0.845794677734375, 0.847442626953125, 0.847015380859375, 0.851287841796875, 0.851409912109375, 0.851104736328125, 0.84967041015625, 0.848175048828125], "lr": [9.999999747378752e-05, 9.999999747378752e-05, 9.999999747378752e-05, 9.999999747378752e-05, 9.999999747378752e-05, 9.999999747378752e-05, 9.999999747378752e-05, 9.999999747378752e-05, 4.999999873689376e-05, 4.999999873689376e-05, 2.499999936844688e-05, 2.499999936844688e-05, 1.249999968422344e-05, 1.249999968422344e-05]}