{"loss": [0.37105441093444824, 0.3180743455886841, 0.2957003116607666, 0.2797013819217682, 0.2689777612686157, 0.25738969445228577, 0.25218674540519714, 0.2480362504720688, 0.24297459423542023, 0.24121896922588348], "accuracy": [0.8449745178222656, 0.8727912902832031, 0.8838005065917969, 0.8908157348632812, 0.895721435546875, 0.9007225036621094, 0.9028434753417969, 0.9054679870605469, 0.9076652526855469, 0.9078750610351562], "val_loss": [0.40339961647987366, 0.3720916211605072, 0.37027275562286377, 0.39121732115745544, 0.37641027569770813, 0.35358086228370667, 0.36650869250297546, 0.39738988876342773, 0.35456201434135437, 0.3591742217540741], "val_accuracy": [0.817901611328125, 0.83697509765625, 0.841064453125, 0.824951171875, 0.84521484375, 0.850128173828125, 0.844451904296875, 0.83245849609375, 0.8515625, 0.84759521484375], "lr": [4.999999873689376e-05, 4.999999873689376e-05, 4.999999873689376e-05, 4.999999873689376e-05, 4.999999873689376e-05, 2.499999936844688e-05, 2.499999936844688e-05, 2.499999936844688e-05, 1.249999968422344e-05, 1.249999968422344e-05]}