{"loss": [0.5966442823410034, 0.5134242177009583, 0.47798311710357666, 0.4511108696460724, 0.44019538164138794, 0.42833882570266724], "accuracy": [0.8404026031494141, 0.8787021636962891, 0.8932151794433594, 0.9034347534179688, 0.9065227508544922, 0.9113178253173828], "auc": [0.9187511205673218, 0.9484720230102539, 0.9576652646064758, 0.9640442728996277, 0.9661783576011658, 0.9686492681503296], "val_loss": [0.7886417508125305, 1.5719350576400757, 1.4000099897384644, 1.4396353960037231, 1.516208529472351, 1.310476303100586], "val_accuracy": [0.715362548828125, 0.5477294921875, 0.593414306640625, 0.613433837890625, 0.606964111328125, 0.633331298828125], "val_auc": [0.8246726393699646, 0.844568133354187, 0.8684430718421936, 0.8315042853355408, 0.8340626955032349, 0.8446431159973145], "lr": [9.999999747378752e-05, 9.999999747378752e-05, 9.999999747378752e-05, 4.999999873689376e-05, 4.999999873689376e-05, 2.499999936844688e-05]}