{"loss": [0.5034609436988831, 0.4132314920425415, 0.38852235674858093, 0.37446844577789307, 0.3668217062950134, 0.3614017963409424], "accuracy": [0.8175010681152344, 0.8772468566894531, 0.8949470520019531, 0.9041366577148438, 0.9093513488769531, 0.9123764038085938], "val_loss": [0.48962655663490295, 0.46405428647994995, 0.46094754338264465, 0.4388377070426941, 0.4467156231403351, 0.44063833355903625], "val_accuracy": [0.80670166015625, 0.826080322265625, 0.82928466796875, 0.843658447265625, 0.837677001953125, 0.841827392578125], "lr": [9.999999747378752e-05, 9.999999747378752e-05, 9.999999747378752e-05, 9.999999747378752e-05, 9.999999747378752e-05, 9.999999747378752e-05]}