{"loss": [0.6145111918449402, 0.4766266345977783, 0.4453466236591339, 0.42988571524620056, 0.4207969009876251, 0.4149863123893738, 0.4088132381439209, 0.40714311599731445], "accuracy": [0.7320175170898438, 0.7883872985839844, 0.8047904968261719, 0.8133354187011719, 0.8165817260742188, 0.818603515625, 0.8223915100097656, 0.8223304748535156], "val_loss": [0.6912524104118347, 0.65749591588974, 0.7354985475540161, 0.7464513182640076, 0.7886958122253418, 0.7048804759979248, 0.7592743039131165, 0.722920298576355], "val_accuracy": [0.690521240234375, 0.687347412109375, 0.676910400390625, 0.675445556640625, 0.671630859375, 0.69134521484375, 0.680206298828125, 0.684661865234375], "lr": [4.999999873689376e-05, 4.999999873689376e-05, 4.999999873689376e-05, 4.999999873689376e-05, 4.999999873689376e-05, 4.999999873689376e-05, 2.499999936844688e-05, 2.499999936844688e-05]}