{"loss": [0.4467729330062866, 0.3839471936225891, 0.3667592704296112, 0.35661616921424866, 0.3508344292640686, 0.3458727300167084, 0.3418181538581848, 0.338191956281662, 0.33672893047332764, 0.33548659086227417, 0.33458787202835083, 0.3340669572353363], "accuracy": [0.8427848815917969, 0.8898239135742188, 0.9009666442871094, 0.908599853515625, 0.9125633239746094, 0.9157867431640625, 0.9188499450683594, 0.9206695556640625, 0.9215354919433594, 0.9226913452148438, 0.9231185913085938, 0.9230270385742188], "val_loss": [0.4724527597427368, 0.4513185918331146, 0.435637503862381, 0.42562028765678406, 0.4173905551433563, 0.44548797607421875, 0.4227845370769501, 0.42188283801078796, 0.42247986793518066, 0.4222581684589386, 0.4194890856742859, 0.42072832584381104], "val_accuracy": [0.81488037109375, 0.82769775390625, 0.844390869140625, 0.8515625, 0.857818603515625, 0.840667724609375, 0.853607177734375, 0.8558349609375, 0.856597900390625, 0.855682373046875, 0.857818603515625, 0.85675048828125], "lr": [9.999999747378752e-05, 9.999999747378752e-05, 9.999999747378752e-05, 9.999999747378752e-05, 9.999999747378752e-05, 9.999999747378752e-05, 9.999999747378752e-05, 4.999999873689376e-05, 4.999999873689376e-05, 2.499999936844688e-05, 2.499999936844688e-05, 1.249999968422344e-05]}