{"loss": [0.37093430757522583, 0.27791374921798706, 0.2455589473247528, 0.22387290000915527, 0.2087439000606537, 0.19660484790802002, 0.1817425638437271, 0.17597311735153198, 0.1749419867992401], "accuracy": [0.8576698303222656, 0.8983306884765625, 0.9101371765136719, 0.9173316955566406, 0.922882080078125, 0.9276237487792969, 0.933319091796875, 0.9349021911621094, 0.9356346130371094], "val_loss": [0.4202881455421448, 0.4253970682621002, 0.39911526441574097, 0.4194713532924652, 0.4020814597606659, 0.4050884544849396, 0.4158600866794586, 0.4174073040485382, 0.42078569531440735], "val_accuracy": [0.827545166015625, 0.828521728515625, 0.8349609375, 0.829010009765625, 0.833648681640625, 0.829620361328125, 0.829864501953125, 0.83001708984375, 0.829254150390625], "lr": [9.999999747378752e-05, 9.999999747378752e-05, 9.999999747378752e-05, 9.999999747378752e-05, 9.999999747378752e-05, 9.999999747378752e-05, 4.999999873689376e-05, 2.499999936844688e-05, 2.499999936844688e-05]}