{"loss": [0.5256450176239014, 0.23990939557552338], "accuracy": [0.8697547912597656, 0.9095649719238281], "val_loss": [0.9249237775802612, 1.2644072771072388], "val_accuracy": [0.689727783203125, 0.664031982421875], "lr": [9.999999747378752e-05, 9.999999747378752e-05]}