{"loss": [0.5684338212013245, 0.49307188391685486, 0.4822491705417633, 0.4773472547531128, 0.474048912525177], "accuracy": [0.7708740234375, 0.8063621520996094, 0.8129730224609375, 0.8162422180175781, 0.819580078125], "val_loss": [0.6102772951126099, 0.5913503170013428, 0.6143262982368469, 0.6292121410369873, 0.617308497428894], "val_accuracy": [0.705810546875, 0.711822509765625, 0.706085205078125, 0.6959228515625, 0.7044677734375], "lr": [9.999999747378752e-05, 9.999999747378752e-05, 9.999999747378752e-05, 9.999999747378752e-05, 4.999999873689376e-05]}